{
  "Business": {
    "voorhees_nn": 1.0,
    "overlap": 0.08140973374247551,
    "kl_divergence": 10.1092617481522,
    "density": 0.0011711844660194175,
    "nmrd": 0.7463399982360255
  },
  "Sci/Tech": {
    "voorhees_nn": 0.9,
    "overlap": 0.05874941125512123,
    "kl_divergence": 10.32954797202598,
    "density": 0.0009610351707912683,
    "nmrd": 0.7198998382796808
  },
  "Sports": {
    "voorhees_nn": 1.0,
    "overlap": 0.1082090325653553,
    "kl_divergence": 10.104964506510242,
    "density": 0.0010428321715589095,
    "nmrd": 0.8863912004182168
  },
  "World": {
    "voorhees_nn": 1.0,
    "overlap": 0.07200886867940426,
    "kl_divergence": 10.023407022257791,
    "density": 0.0010869167917291979,
    "nmrd": 0.7655509645433605
  }
}