{
  "business": {
    "voorhees_nn": 1.0,
    "overlap": 0.13134583830833435,
    "kl_divergence": 7.495224031181163,
    "density": 0.015801324307108892,
    "nmrd": 0.8147931059532019
  },
  "entertainment": {
    "voorhees_nn": 1.0,
    "overlap": 0.10018700733780861,
    "kl_divergence": 7.694680695577742,
    "density": 0.015822601364611697,
    "nmrd": 0.8111438949281936
  },
  "politics": {
    "voorhees_nn": 1.0,
    "overlap": 0.1938476413488388,
    "kl_divergence": 6.881688071669072,
    "density": 0.02049048760991207,
    "nmrd": 0.8897211338525725
  },
  "sport": {
    "voorhees_nn": 1.0,
    "overlap": 0.20812247693538666,
    "kl_divergence": 7.412371650546685,
    "density": 0.017439049326731928,
    "nmrd": 0.9631213153465488
  },
  "tech": {
    "voorhees_nn": 1.0,
    "overlap": 0.14029017090797424,
    "kl_divergence": 7.056399633380132,
    "density": 0.020808654373957933,
    "nmrd": 0.8378313039980285
  }
}